{"cameraMode":{"drawMode":2,"name":"Shaded Wireframe","section":"Shading Mode"},"sceneLighting":true,"audioPlay":false,"sceneViewState":{"showFog":true,"showMaterialUpdate":false,"showSkybox":true,"showFlares":true,"showImageEffects":true,"showParticleSystems":true},"in2DMode":false,"pivot":{"x":-1.0313353538513184,"y":1.6952835321426392,"z":-0.7688970565795898},"rotation":{"x":0.01442788727581501,"y":0.8968137502670288,"z":0.029327690601348878,"w":-0.44120070338249209},"size":3.855729341506958,"orthographic":false}