{"cameraMode":{"drawMode":2,"name":"Shaded Wireframe","section":"Shading Mode"},"sceneLighting":true,"audioPlay":false,"sceneViewState":{"showFog":true,"showMaterialUpdate":false,"showSkybox":true,"showFlares":true,"showImageEffects":true,"showParticleSystems":true},"in2DMode":false,"pivot":{"x":-5.904211044311523,"y":-2.1968367099761965,"z":-5.475898742675781},"rotation":{"x":0.0849090963602066,"y":-0.8941736817359924,"z":0.19198916852474214,"w":0.3954564034938812},"size":6.507529258728027,"orthographic":false}