{"cameraMode":{"drawMode":2,"name":"Shaded Wireframe","section":"Shading Mode"},"sceneLighting":true,"audioPlay":false,"sceneViewState":{"showFog":true,"showMaterialUpdate":false,"showSkybox":true,"showFlares":true,"showImageEffects":true,"showParticleSystems":true},"in2DMode":false,"pivot":{"x":-6.035655975341797,"y":-0.22796058654785157,"z":-5.081136703491211},"rotation":{"x":0.04477766901254654,"y":-0.9043331742286682,"z":0.09804967790842056,"w":0.41299405694007876},"size":6.855731010437012,"orthographic":false}